key,theme,author,title,year,identifier,verification_url,verification_status,correction
gale1957flows,combinatorics,David Gale,A Theorem on Flows in Networks,1957,10.2140/pjm.1957.7.1073,https://doi.org/10.2140/pjm.1957.7.1073,curated_against_stable_identifier,
ford1956maxflow,combinatorics,"Lester R. Ford, Jr. and Delbert R. Fulkerson",Maximal Flow Through a Network,1956,10.4153/CJM-1956-045-5,https://doi.org/10.4153/CJM-1956-045-5,curated_against_stable_identifier,
hall1935representatives,combinatorics,Philip Hall,On Representatives of Subsets,1935,10.1112/jlms/s1-10.37.26,https://doi.org/10.1112/jlms/s1-10.37.26,curated_against_stable_identifier,
ryser1957matrices,combinatorics,Herbert J. Ryser,Combinatorial Properties of Matrices of Zeros and Ones,1957,10.4153/CJM-1957-044-3,https://www.cambridge.org/core/journals/canadian-journal-of-mathematics/article/combinatorial-properties-of-matrices-of-zeros-and-ones/4BE766CCFDF1704C196AA182C0C5EC88,curated_against_stable_identifier,
karp1972reducibility,combinatorics,Richard M. Karp,Reducibility Among Combinatorial Problems,1972,10.1007/978-1-4684-2001-2_9,https://doi.org/10.1007/978-1-4684-2001-2_9,curated_against_stable_identifier,
hopcroft1973matching,combinatorics,John E. Hopcroft and Richard M. Karp,An $n^{5/2}$ Algorithm for Maximum Matchings in Bipartite Graphs,1973,10.1137/0202019,https://doi.org/10.1137/0202019,curated_against_stable_identifier,
chvatal1979setcover,combinatorics,V{\'a}clav Chv{\'a}tal,A Greedy Heuristic for the Set-Covering Problem,1979,10.1287/moor.4.3.233,https://doi.org/10.1287/moor.4.3.233,curated_against_stable_identifier,
feige1998setcover,combinatorics,Uriel Feige,A Threshold of $\ln n$ for Approximating Set Cover,1998,10.1145/285055.285059,https://doi.org/10.1145/285055.285059,curated_against_stable_identifier,
hoare1969axiomatic,formal,C. A. R. Hoare,An Axiomatic Basis for Computer Programming,1969,10.1145/363235.363259,https://doi.org/10.1145/363235.363259,curated_against_stable_identifier,
dijkstra1975guarded,formal,Edsger W. Dijkstra,"Guarded Commands, Nondeterminacy and Formal Derivation of Programs",1975,10.1145/360933.360975,https://doi.org/10.1145/360933.360975,curated_against_stable_identifier,
pnueli1977temporal,formal,Amir Pnueli,The Temporal Logic of Programs,1977,10.1109/SFCS.1977.32,https://doi.org/10.1109/SFCS.1977.32,curated_against_stable_identifier,
cousot1977abstract,formal,Patrick Cousot and Radhia Cousot,Abstract Interpretation: A Unified Lattice Model for Static Analysis of Programs by Construction or Approximation of Fixpoints,1977,10.1145/512950.512973,https://doi.org/10.1145/512950.512973,curated_against_stable_identifier,
clarke1986automatic,formal,Edmund M. Clarke and E. Allen Emerson and A. Prasad Sistla,Automatic Verification of Finite-State Concurrent Systems Using Temporal Logic Specifications,1986,10.1145/5397.5399,https://doi.org/10.1145/5397.5399,curated_against_stable_identifier,
bryant1986bdd,formal,Randal E. Bryant,Graph-Based Algorithms for Boolean Function Manipulation,1986,10.1109/TC.1986.1676819,https://doi.org/10.1109/TC.1986.1676819,curated_against_stable_identifier,
alur1994timed,formal,Rajeev Alur and David L. Dill,A Theory of Timed Automata,1994,10.1006/inco.1994.1023,https://doi.org/10.1006/inco.1994.1023,curated_against_stable_identifier,
mourabjorner2008z3,formal,Leonardo de Moura and Nikolaj Bj{\o}rner,Z3: An Efficient SMT Solver,2008,10.1007/978-3-540-78800-3_24,https://doi.org/10.1007/978-3-540-78800-3_24,curated_against_stable_identifier,
necula1997pcc,formal,George C. Necula,Proof-Carrying Code,1997,10.1145/263699.263712,https://doi.org/10.1145/263699.263712,curated_against_stable_identifier,
leroy2009compcert,formal,Xavier Leroy,Formal Verification of a Realistic Compiler,2009,10.1145/1538788.1538814,https://doi.org/10.1145/1538788.1538814,curated_against_stable_identifier,
reiter1987diagnosis,diagnosis,Raymond Reiter,A Theory of Diagnosis from First Principles,1987,10.1016/0004-3702(87)90062-2,https://doi.org/10.1016/0004-3702(87)90062-2,curated_against_stable_identifier,
dekleer1987faults,diagnosis,Johan de Kleer and Brian C. Williams,Diagnosing Multiple Faults,1987,10.1016/0004-3702(87)90063-4,https://doi.org/10.1016/0004-3702(87)90063-4,curated_against_stable_identifier,
junker2004quickxplain,diagnosis,Ulrich Junker,QUICKXPLAIN: Preferred Explanations and Relaxations for Over-Constrained Problems,2004,10.1007/978-3-540-30201-8_52,https://doi.org/10.1007/978-3-540-30201-8_52,curated_against_stable_identifier,
liffiton2008mus,diagnosis,Mark H. Liffiton and Karem A. Sakallah,Algorithms for Computing Minimal Unsatisfiable Subsets of Constraints,2008,10.1007/s10601-007-9034-z,https://doi.org/10.1007/s10601-007-9034-z,curated_against_stable_identifier,
darwiche2002kcmap,diagnosis,Adnan Darwiche,A Knowledge Compilation Map,2002,10.1613/jair.989,https://doi.org/10.1613/jair.989,curated_against_stable_identifier,
ribeiro2016lime,diagnosis,Marco Tulio Ribeiro and Sameer Singh and Carlos Guestrin,Why Should I Trust You? Explaining the Predictions of Any Classifier,2016,10.1145/2939672.2939778,https://doi.org/10.1145/2939672.2939778,curated_against_stable_identifier,
miller2019explanation,diagnosis,Tim Miller,Explanation in Artificial Intelligence: Insights from the Social Sciences,2019,10.1016/j.artint.2018.07.007,https://doi.org/10.1016/j.artint.2018.07.007,curated_against_stable_identifier,
ignatiev2019abduction,diagnosis,Alexey Ignatiev and Nina Narodytska and Jo{\~a}o Marques-Silva,Abduction-Based Explanations for Machine Learning Models,2019,10.1609/aaai.v33i01.33011511,https://doi.org/10.1609/aaai.v33i01.33011511,curated_against_stable_identifier,
mai2011anteater,network,Haohui Mai and Ahmed Khurshid and Rachit Agarwal and Matthew Caesar and P. Brighten Godfrey and Samuel Talmadge King,Debugging the Data Plane with Anteater,2011,10.1145/2043164.2018470,https://doi.org/10.1145/2043164.2018470,curated_against_stable_identifier,candidate DOI 10.1145/2018436.2018460 did not identify this paper; replaced with the ACM DOI
alshaer2009flowchecker,network,Ehab Al-Shaer and Saeed Al-Haj,FlowChecker: Configuration Analysis and Verification of Federated OpenFlow Infrastructures,2010,10.1145/1866898.1866905,https://doi.org/10.1145/1866898.1866905,curated_against_stable_identifier,candidate year key retained for compatibility; publication year is 2010
anderson2014netkat,network,Carolyn Jane Anderson and Nate Foster and Arjun Guha and Jean-Baptiste Jeannin and Dexter Kozen and Cole Schlesinger and David Walker,NetKAT: Semantic Foundations for Networks,2014,10.1145/2535838.2535862,https://doi.org/10.1145/2535838.2535862,curated_against_stable_identifier,
foster2011frenetic,network,Nate Foster and Rob Harrison and Michael J. Freedman and Christopher Monsanto and Jennifer Rexford and Alec Story and David Walker,Frenetic: A Network Programming Language,2011,10.1145/2034773.2034812,https://doi.org/10.1145/2034773.2034812,curated_against_stable_identifier,
stoenescu2016symnet,network,Radu Stoenescu and Matei Popovici and Lorina Negreanu and Costin Raiciu,SymNet: Scalable Symbolic Execution for Modern Networks,2016,10.1145/2934872.2934881,https://doi.org/10.1145/2934872.2934881,curated_against_stable_identifier,candidate DOI 10.1145/2934872.2934880 identified a different SIGCOMM paper; replaced with the ACM DOI
beckett2017minesweeper,network,Ryan Beckett and Aarti Gupta and Ratul Mahajan and David Walker,A General Approach to Network Configuration Verification,2017,10.1145/3098822.3098834,https://doi.org/10.1145/3098822.3098834,curated_against_stable_identifier,candidate DOI 10.1145/3132747.3132750 identified a different venue item; replaced with the ACM DOI
naryana2016pathqueries,network,Srinivas Narayana and Mina Tahmasbi and Jennifer Rexford and David Walker,Compiling Path Queries,2016,https://www.usenix.org/conference/nsdi16/technical-sessions/presentation/narayana,https://www.usenix.org/conference/nsdi16/technical-sessions/presentation/narayana,curated_against_stable_identifier,candidate 10.5555 identifier omitted in favor of the first-party USENIX record
xie2005reachability,network,Geoffrey G. Xie and Jibin Zhan and David A. Maltz and Hui Zhang and Albert Greenberg and Gisli Hjalmtysson and Jennifer Rexford,On Static Reachability Analysis of IP Networks,2005,10.1109/INFCOM.2005.1498492,https://doi.org/10.1109/INFCOM.2005.1498492,curated_against_stable_identifier,candidate DOI ended in 1498494 and resolved to an unrelated paper; corrected to IEEE document 1498492
kazemian2012hsa,network,Peyman Kazemian and George Varghese and Nick McKeown,Header Space Analysis: Static Checking for Networks,2012,https://www.usenix.org/conference/nsdi12/technical-sessions/presentation/kazemian,https://www.usenix.org/conference/nsdi12/technical-sessions/presentation/kazemian,curated_against_stable_identifier,
khurshid2013veriflow,network,Ahmed Khurshid and Xuan Zou and Wenxuan Zhou and Matthew Caesar and P. Brighten Godfrey,VeriFlow: Verifying Network-Wide Invariants in Real Time,2013,https://www.usenix.org/conference/nsdi13/technical-sessions/presentation/khurshid,https://www.usenix.org/conference/nsdi13/technical-sessions/presentation/khurshid,curated_against_stable_identifier,
fogel2015batfish,network,Ari Fogel and Stanley Fung and Luis Pedrosa and Meg Walraed-Sullivan and Ramesh Govindan and Ratul Mahajan and Todd D. Millstein,A General Approach to Network Configuration Analysis,2015,https://www.usenix.org/conference/nsdi15/technical-sessions/presentation/fogel,https://www.usenix.org/conference/nsdi15/technical-sessions/presentation/fogel,curated_against_stable_identifier,
raghunathan2025quasi,network,Divya Raghunathan and Maria Apostolaki and Aarti Gupta,A Layered Formal Methods Approach to Answering Queue-Related Queries,2025,https://www.usenix.org/conference/nsdi25/presentation/raghunathan,https://www.usenix.org/conference/nsdi25/presentation/raghunathan,curated_against_stable_identifier,
cruz1991calculus1,queueing,Ren{\'e} L. Cruz,"A Calculus for Network Delay, Part I: Network Elements in Isolation",1991,10.1109/26.87170,https://doi.org/10.1109/26.87170,curated_against_stable_identifier,
cruz1991calculus2,queueing,Ren{\'e} L. Cruz,"A Calculus for Network Delay, Part II: Network Analysis",1991,10.1109/26.87171,https://doi.org/10.1109/26.87171,curated_against_stable_identifier,
parekh1993gps1,queueing,Abhay K. Parekh and Robert G. Gallager,A Generalized Processor Sharing Approach to Flow Control in Integrated Services Networks: The Single-Node Case,1993,10.1109/90.234856,https://doi.org/10.1109/90.234856,curated_against_stable_identifier,
parekh1994gps2,queueing,Abhay K. Parekh and Robert G. Gallager,A Generalized Processor Sharing Approach to Flow Control in Integrated Services Networks: The Multiple Node Case,1994,10.1109/90.298432,https://doi.org/10.1109/90.298432,curated_against_stable_identifier,
demers1989fairqueue,queueing,Alan Demers and Srinivasan Keshav and Scott Shenker,Analysis and Simulation of a Fair Queueing Algorithm,1989,10.1145/75246.75248,https://doi.org/10.1145/75246.75248,curated_against_stable_identifier,
zhang1990virtualclock,queueing,Lixia Zhang,VirtualClock: A New Traffic Control Algorithm for Packet Switching Networks,1990,10.1145/205447.205454,https://doi.org/10.1145/205447.205454,curated_against_stable_identifier,
shreedhar1996drr,queueing,M. Shreedhar and George Varghese,Efficient Fair Queueing Using Deficit Round-Robin,1996,10.1109/90.502236,https://doi.org/10.1109/90.502236,curated_against_stable_identifier,
bennett1996wf2q,queueing,Jon C. R. Bennett and Hui Zhang,WF2Q: Worst-Case Fair Weighted Fair Queueing,1996,10.1109/90.502237,https://doi.org/10.1109/90.502237,curated_against_stable_identifier,
floyd1993red,queueing,Sally Floyd and Van Jacobson,Random Early Detection Gateways for Congestion Avoidance,1993,10.1109/90.251892,https://doi.org/10.1109/90.251892,curated_against_stable_identifier,
nichols2012codel,queueing,Kathleen Nichols and Van Jacobson,Controlling Queue Delay,2012,10.1145/2208917.2209336,https://doi.org/10.1145/2208917.2209336,curated_against_stable_identifier,
alizadeh2010dctcp,queueing,Mohammad Alizadeh and Albert Greenberg and David A. Maltz and Jitendra Padhye and Parveen Patel and Balaji Prabhakar and Sudipta Sengupta and Murari Sridharan,Data Center TCP (DCTCP),2010,10.1145/1851182.1851192,https://doi.org/10.1145/1851182.1851192,curated_against_stable_identifier,
mittal2015timely,queueing,Radhika Mittal and Vinh The Lam and Nandita Dukkipati and Emily Blem and Hassan Wassel and Monia Ghobadi and Amin Vahdat and Yaogong Wang and David Wetherall and David Zats,TIMELY: RTT-Based Congestion Control for the Datacenter,2015,10.1145/2785956.2787510,https://doi.org/10.1145/2785956.2787510,curated_against_stable_identifier,
peng2011reproducible,reproducibility,Roger D. Peng,Reproducible Research in Computational Science,2011,10.1126/science.1213847,https://doi.org/10.1126/science.1213847,curated_against_stable_identifier,
sandve2013rules,reproducibility,Geir Kjetil Sandve and Anton Nekrutenko and James Taylor and Eivind Hovig,Ten Simple Rules for Reproducible Computational Research,2013,10.1371/journal.pcbi.1003285,https://doi.org/10.1371/journal.pcbi.1003285,curated_against_stable_identifier,
wilson2014bestpractices,reproducibility,Greg Wilson and D. A. Aruliah and C. Titus Brown and Neil P. Chue Hong and Matt Davis and Richard T. Guy and Steven H. D. Haddock and Kathryn D. Huff and Ian M. Mitchell and Mark D. Plumbley and Ben Waugh and Ethan P. White and Paul Wilson,Best Practices for Scientific Computing,2014,10.1371/journal.pbio.1001745,https://doi.org/10.1371/journal.pbio.1001745,curated_against_stable_identifier,
collberg2016repeatability,reproducibility,Christian Collberg and Todd A. Proebsting,Repeatability in Computer Systems Research,2016,10.1145/2812803,https://doi.org/10.1145/2812803,curated_against_stable_identifier,
acm2020badging,reproducibility,{Association for Computing Machinery},Artifact Review and Badging,2020,https://www.acm.org/publications/policies/artifact-review-and-badging-current,https://www.acm.org/publications/policies/artifact-review-and-badging-current,curated_against_stable_identifier,
